{
    "train": {
        "total_reward": -187466.98486272377,
        "mean_reward": -0.9381370314755304,
        "final_equity": 1660.9207821100001
    },
    "test": [
        {
            "total_reward": -188566.66056226968,
            "mean_reward": -25.478538111372746,
            "final_equity": 747.2638428299999
        },
        {
            "total_reward": -87.61192685687669,
            "mean_reward": -0.01183784986581228,
            "final_equity": 746.08774405
        },
        {
            "total_reward": -188560.25466646318,
            "mean_reward": -25.47767256674276,
            "final_equity": 749.19498398
        }
    ]
}