{
    "train": {
        "total_reward": -113080.60786159198,
        "mean_reward": -0.5658868725840193,
        "final_equity": 1963.66300985
    },
    "test": [
        {
            "total_reward": -124.46176282516778,
            "mean_reward": -0.01681688458656503,
            "final_equity": 742.5690546800001
        },
        {
            "total_reward": -121.73214635800524,
            "mean_reward": -0.016448067336576846,
            "final_equity": 744.45860758
        },
        {
            "total_reward": -115.838745167696,
            "mean_reward": -0.015651769378151062,
            "final_equity": 746.70261694
        }
    ]
}