{
    "train": {
        "total_reward": -114230.28170327803,
        "mean_reward": -0.5716401608539202,
        "final_equity": 1692.71621452
    },
    "test": [
        {
            "total_reward": -121.85746340951586,
            "mean_reward": -0.01646499978509875,
            "final_equity": 740.44680305
        },
        {
            "total_reward": -114.6188264034544,
            "mean_reward": -0.015486937765633618,
            "final_equity": 740.41178408
        },
        {
            "total_reward": -120.96452858270166,
            "mean_reward": -0.016344349220740666,
            "final_equity": 742.46345707
        }
    ]
}