{
    "train": {
        "total_reward": -145075.16819674865,
        "mean_reward": -0.7259965680494255,
        "final_equity": 2114.53624008
    },
    "test": [
        {
            "total_reward": -175.38997986751275,
            "mean_reward": -0.023698146178558675,
            "final_equity": 7414.478643910001
        },
        {
            "total_reward": -44449.66584196041,
            "mean_reward": -6.005899992157872,
            "final_equity": 6871.17458502
        },
        {
            "total_reward": -132899.03731679634,
            "mean_reward": -17.95690275865374,
            "final_equity": 6860.79036529
        }
    ]
}