{
    "train": {
        "total_reward": -113306.68655421263,
        "mean_reward": -0.5670182333605864,
        "final_equity": 2230.7526147199997
    },
    "test": [
        {
            "total_reward": -125.48882000355441,
            "mean_reward": -0.016955657344082477,
            "final_equity": 729.5928332200001
        },
        {
            "total_reward": -116.27359101785522,
            "mean_reward": -0.015710524391008677,
            "final_equity": 727.7244214699999
        },
        {
            "total_reward": -221188.0660943937,
            "mean_reward": -29.886240520793635,
            "final_equity": 729.85815321
        }
    ]
}