{
    "train": {
        "total_reward": -335173.735926641,
        "mean_reward": -1.6773027735045514,
        "final_equity": 2536.84822261
    },
    "test": [
        {
            "total_reward": -120.83491821118173,
            "mean_reward": -0.016326836672231015,
            "final_equity": 717.8491087499999
        },
        {
            "total_reward": -221191.9193948961,
            "mean_reward": -29.886761166720188,
            "final_equity": 724.1932262500001
        },
        {
            "total_reward": -188572.19707621197,
            "mean_reward": -25.479286187841097,
            "final_equity": 726.65288729
        }
    ]
}