{
    "train": {
        "total_reward": -21.96411143860896,
        "mean_reward": -0.044016255387993905,
        "final_equity": 990.06442088
    }
}