{
    "train": {
        "total_reward": -113288.3036341544,
        "mean_reward": -0.5669262401060627,
        "final_equity": 1583.45926788
    },
    "test": [
        {
            "total_reward": -106.22831694367395,
            "mean_reward": -0.014353238338558836,
            "final_equity": 772.71355635
        },
        {
            "total_reward": -80.40745264130604,
            "mean_reward": -0.010864403815877048,
            "final_equity": 772.91614694
        },
        {
            "total_reward": -112.5005943621243,
            "mean_reward": -0.015200728869358776,
            "final_equity": 770.2338105700001
        }
    ]
}