{
    "train": {
        "total_reward": -81364.63487128925,
        "mean_reward": -0.4071713058229249,
        "final_equity": 1676.90584429
    },
    "test": [
        {
            "total_reward": -44404.224604421244,
            "mean_reward": -5.999760114095561,
            "final_equity": 6413.29756796
        },
        {
            "total_reward": -44406.87298772292,
            "mean_reward": -6.000117955373993,
            "final_equity": 6564.3408089800005
        },
        {
            "total_reward": -88610.94152424554,
            "mean_reward": -11.972833606843068,
            "final_equity": 6589.044008880001
        }
    ]
}